produto;grupo;ano;area_ha;valor_nominal;valor_real;n_municipios;valor_por_ha_reais
Abacate;Frutas;2016;17,0;983,0;1531,2682499999999;3;90075,0
Abacate;Frutas;2017;17,0;1340,0;2017,8430200000003;3;118697,0
Abacate;Frutas;2018;17,0;873,0;1268,133768;3;74596,0
Abacate;Frutas;2019;10,0;525,0;735,17955;1;73518,0
Abacate;Frutas;2020;8,0;420,0;569,84172;1;71230,0
Abacate;Frutas;2021;8,0;700,0;876,9354999999999;1;109617,0
Abacate;Frutas;2022;10,0;910,0;1043,2058;2;104321,0
Abacate;Frutas;2023;10,0;1720,0;1885,17676;2;188518,0
Abacate;Frutas;2024;7,0;556,0;583,893408;2;83413,0
Abacate;Frutas;2025;7,0;809,0;809,0;2;115571,0
Abacaxi;Frutas;2016;13429,0;368826,0;574538,7015;81;42783,0
Abacaxi;Frutas;2017;11543,0;205923,0;310089,76731900004;81;26864,0
Abacaxi;Frutas;2018;18779,0;565211,0;821034,541976;84;43721,0
Abacaxi;Frutas;2019;14032,0;271306,0;379921,186652;93;27075,0
Abacaxi;Frutas;2020;13680,0;551707,0;748537,299562;93;54718,0
Abacaxi;Frutas;2021;13917,0;694369,0;869881,1802849999;92;62505,0
Abacaxi;Frutas;2022;14168,0;520258,0;596413,36604;92;42096,0
Abacaxi;Frutas;2023;14001,0;1015674,0;1113212,221242;90;79509,0
Abacaxi;Frutas;2024;9274,0;1084065,0;1138450,37292;87;122757,0
Abacaxi;Frutas;2025;11054,0;1113791,0;1113791,0;88;100759,0
Acerola;Frutas;2025;908,0;15481,0;15481,0;48;17050,0
Algodão herbáceo (em caroço);Fibras e fumo;2024;250,0;10500,0;11026,764;1;44107,0
Algodão herbáceo (em caroço);Fibras e fumo;2025;280,0;10408,0;10408,0;1;37171,0
Amendoim (em casca);Grãos e oleaginosas;2016;59,0;198,0;308,4345;8;5228,0
Amendoim (em casca);Grãos e oleaginosas;2017;62,0;184,0;277,076952;8;4469,0
Amendoim (em casca);Grãos e oleaginosas;2018;62,0;222,0;322,480752;8;5201,0
Amendoim (em casca);Grãos e oleaginosas;2019;97,0;245,0;343,08379;9;3537,0
Amendoim (em casca);Grãos e oleaginosas;2020;93,0;283,0;383,96477799999997;9;4129,0
Amendoim (em casca);Grãos e oleaginosas;2021;88,0;249,0;311,938485;9;3545,0
Amendoim (em casca);Grãos e oleaginosas;2022;87,0;225,0;257,9355;9;2965,0
Amendoim (em casca);Grãos e oleaginosas;2023;87,0;616,0;675,156328;9;7760,0
Amendoim (em casca);Grãos e oleaginosas;2024;126,0;856,0;898,943808;10;7134,0
Amendoim (em casca);Grãos e oleaginosas;2025;82,0;635,0;635,0;6;7744,0
Arroz (em casca);Grãos e oleaginosas;2016;72973,0;149327,0;232614,13425;94;3188,0
Arroz (em casca);Grãos e oleaginosas;2017;68434,0;137668,0;207307,770804;96;3029,0
Arroz (em casca);Grãos e oleaginosas;2018;39031,0;78174,0;113556,80318399999;94;2909,0
Arroz (em casca);Grãos e oleaginosas;2019;38241,0;75191,0;105293,115322;88;2753,0
Arroz (em casca);Grãos e oleaginosas;2020;43542,0;93931,0;127442,387146;90;2927,0
Arroz (em casca);Grãos e oleaginosas;2021;44696,0;139223,0;174413,701595;90;3902,0
Arroz (em casca);Grãos e oleaginosas;2022;40556,0;170252,0;195173,48776;88;4812,0
Arroz (em casca);Grãos e oleaginosas;2023;35597,0;173695,0;190375,45193500002;79;5348,0
Arroz (em casca);Grãos e oleaginosas;2024;45449,0;233796,0;245525,077728;79;5402,0
Arroz (em casca);Grãos e oleaginosas;2025;44135,0;215026,0;215026,0;78;4872,0
Açaí;Frutas;2016;166509,0;1980417,0;3084994,58175;100;18527,0
Açaí;Frutas;2017;188483,0;3364277,0;5066106,613281;102;26878,0
Açaí;Frutas;2018;172016,0;2603398,0;3781737,5891679996;102;21985,0
Açaí;Frutas;2019;188015,0;2880215,0;4033286,03353;112;21452,0
Açaí;Frutas;2020;212479,0;4485300,0;6085502,539799999;111;28640,0
Açaí;Frutas;2021;198963,0;5132184,0;6429420,488759999;111;32315,0
Açaí;Frutas;2022;224044,0;5927147,0;6794762,77786;114;30328,0
Açaí;Frutas;2023;226008,0;7784166,0;8531702,813478;117;37750,0
Açaí;Frutas;2024;252012,0;7448791,0;7822481,946888;118;31040,0
Açaí;Frutas;2025;270615,0;8334104,0;8334104,0;121;30797,0
Banana (cacho);Frutas;2016;42510,0;671196,0;1045555,569;122;24596,0
Banana (cacho);Frutas;2017;43911,0;667788,0;1005590,563164;121;22901,0
Banana (cacho);Frutas;2018;35348,0;541741,0;786941,644456;119;22263,0
Banana (cacho);Frutas;2019;35967,0;618369,0;865928,082198;119;24076,0
Banana (cacho);Frutas;2020;35656,0;680051,0;922670,075066;120;25877,0
Banana (cacho);Frutas;2021;39736,0;755983,0;947069,0429949999;118;23834,0
Banana (cacho);Frutas;2022;39126,0;891223,0;1021680,22274;120;26113,0
Banana (cacho);Frutas;2023;37598,0;1012204,0;1109408,986732;119;29507,0
Banana (cacho);Frutas;2024;36973,0;1080909,0;1135136,042712;120;30702,0
Banana (cacho);Frutas;2025;37786,0;1074422,0;1074422,0;119;28434,0
Batata-doce;Raízes e tubérculos;2016;30,0;388,0;604,4069999999999;3;20147,0
Batata-doce;Raízes e tubérculos;2017;30,0;352,0;530,060256;3;17669,0
Batata-doce;Raízes e tubérculos;2018;25,0;250,0;363,154;2;14526,0
Batata-doce;Raízes e tubérculos;2019;25,0;235,0;329,08037;2;13163,0
Batata-doce;Raízes e tubérculos;2020;25,0;273,0;370,397118;4;14816,0
Batata-doce;Raízes e tubérculos;2021;27,0;305,0;382,09332499999994;4;14152,0
Batata-doce;Raízes e tubérculos;2022;27,0;207,0;237,30066;4;8789,0
Batata-doce;Raízes e tubérculos;2023;27,0;262,0;287,16064600000004;4;10636,0
Batata-doce;Raízes e tubérculos;2024;40,0;402,0;422,167536;5;10554,0
Batata-doce;Raízes e tubérculos;2025;24,0;265,0;265,0;4;11042,0
Borracha (látex coagulado);Perenes comerciais;2016;936,0;3421,0;5329,06275;6;5693,0
Borracha (látex coagulado);Perenes comerciais;2017;413,0;232,0;349,35789600000004;5;846,0
Borracha (látex coagulado);Perenes comerciais;2018;814,0;2822,0;4099,282352;5;5036,0
Borracha (látex coagulado);Perenes comerciais;2019;866,0;3434,0;4808,774428;4;5553,0
Borracha (látex coagulado);Perenes comerciais;2020;816,0;2978,0;4040,4491479999997;3;4952,0
Borracha (látex coagulado);Perenes comerciais;2021;866,0;3149,0;3944,9569849999993;4;4555,0
Borracha (látex coagulado);Perenes comerciais;2022;866,0;4365,0;5003,9487;4;5778,0
Borracha (látex coagulado);Perenes comerciais;2023;816,0;3714,0;4070,6665620000003;3;4989,0
Borracha (látex coagulado);Perenes comerciais;2024;86,0;255,0;267,79284;3;3114,0
Cacau (em amêndoa);Perenes comerciais;2016;130193,0;789948,0;1230541,497;57;9452,0
Cacau (em amêndoa);Perenes comerciais;2017;131891,0;849559,0;1279310,9688270001;58;9700,0
Cacau (em amêndoa);Perenes comerciais;2018;129247,0;1049657,0;1524748,552712;60;11797,0
Cacau (em amêndoa);Perenes comerciais;2019;140549,0;1197408,0;1676780,7135359999;63;11930,0
Cacau (em amêndoa);Perenes comerciais;2020;150051,0;1726030,0;2341818,81898;65;15607,0
Cacau (em amêndoa);Perenes comerciais;2021;149912,0;1925806,0;2412582,3535899995;64;16093,0
Cacau (em amêndoa);Perenes comerciais;2022;152837,0;1896310,0;2173891,8578;65;14224,0
Cacau (em amêndoa);Perenes comerciais;2023;161866,0;2009792,0;2202798,355136;68;13609,0
Cacau (em amêndoa);Perenes comerciais;2024;164620,0;7716788,0;8103923,8203839995;78;49228,0
Cacau (em amêndoa);Perenes comerciais;2025;170641,0;6159877,0;6159877,0;80;36098,0
Café (em grão) Total;Perenes comerciais;2016;456,0;1241,0;1933,16775;19;4239,0
Café (em grão) Total;Perenes comerciais;2017;460,0;1203,0;1811,541159;20;3938,0
Café (em grão) Total;Perenes comerciais;2018;324,0;664,0;964,537024;18;2977,0
Café (em grão) Total;Perenes comerciais;2019;271,0;460,0;644,15732;14;2377,0
Café (em grão) Total;Perenes comerciais;2020;203,0;340,0;461,30044;13;2272,0
Café (em grão) Total;Perenes comerciais;2021;199,0;480,0;601,3272;13;3022,0
Café (em grão) Total;Perenes comerciais;2022;187,0;551,0;631,65538;10;3378,0
Café (em grão) Total;Perenes comerciais;2023;203,0;861,0;943,6844130000001;12;4649,0
Café (em grão) Total;Perenes comerciais;2024;137,0;1870,0;1963,81416;8;14334,0
Café (em grão) Total;Perenes comerciais;2025;158,0;2123,0;2123,0;9;13437,0
Cana-de-açúcar;Cana e forragens;2016;13359,0;77593,0;120870,49575;36;9048,0
Cana-de-açúcar;Cana e forragens;2017;12596,0;74445,0;112103,226585;32;8900,0
Cana-de-açúcar;Cana e forragens;2018;13475,0;79664,0;115721,201024;34;8588,0
Cana-de-açúcar;Cana e forragens;2019;14920,0;105028,0;147075,11957599997;35;9858,0
Cana-de-açúcar;Cana e forragens;2020;14906,0;124387,0;168764,052442;33;11322,0
Cana-de-açúcar;Cana e forragens;2021;14908,0;126759,0;158799,238635;34;10652,0
Cana-de-açúcar;Cana e forragens;2022;17479,0;149970,0;171922,60859999998;34;9836,0
Cana-de-açúcar;Cana e forragens;2023;17476,0;150024,0;164431,25479200002;33;9409,0
Cana-de-açúcar;Cana e forragens;2024;17516,0;152722,0;160383,757296;35;9156,0
Cana-de-açúcar;Cana e forragens;2025;17434,0;177277,0;177277,0;33;10168,0
Castanha de caju;Perenes comerciais;2016;2323,0;3497,0;5447,45175;10;2345,0
Castanha de caju;Perenes comerciais;2017;2335,0;2021,0;3043,3289130000003;10;1303,0
Castanha de caju;Perenes comerciais;2018;1835,0;3719,0;5402,278904;13;2944,0
Castanha de caju;Perenes comerciais;2019;1153,0;1800,0;2520,6156;12;2186,0
Castanha de caju;Perenes comerciais;2020;1110,0;1560,0;2116,55496;12;1907,0
Castanha de caju;Perenes comerciais;2021;1064,0;1811,0;2268,757415;12;2132,0
Castanha de caju;Perenes comerciais;2022;1072,0;2158,0;2473,88804;12;2308,0
Castanha de caju;Perenes comerciais;2023;1081,0;1984,0;2174,529472;12;2012,0
Castanha de caju;Perenes comerciais;2024;850,0;1533,0;1609,9075440000001;10;1894,0
Castanha de caju;Perenes comerciais;2025;1005,0;1982,0;1982,0;10;1972,0
Cebola;Hortaliças;2016;15,0;630,0;981,3824999999999;1;65426,0
Cebola;Hortaliças;2017;20,0;770,0;1159,50681;1;57975,0
Cebola;Hortaliças;2018;20,0;770,0;1118,51432;1;55926,0
Cebola;Hortaliças;2019;20,0;840,0;1176,28728;1;58814,0
Cebola;Hortaliças;2020;21,0;1029,0;1396,112214;1;66482,0
Cebola;Hortaliças;2021;20,0;700,0;876,9354999999999;1;43847,0
Cebola;Hortaliças;2022;20,0;1190,0;1364,1922;1;68210,0
Coco-da-baía;Frutas;2016;19188,0;108895,0;169631,18625;109;8840,0
Coco-da-baía;Frutas;2017;18595,0;123291,0;185658,122223;108;9984,0
Coco-da-baía;Frutas;2018;18581,0;108839,0;158101,27282399999;101;8509,0
Coco-da-baía;Frutas;2019;17311,0;93655,0;131149,03001;100;7576,0
Coco-da-baía;Frutas;2020;19214,0;208247,0;282542,44920199993;98;14705,0
Coco-da-baía;Frutas;2021;17656,0;218756,0;274049,86033999996;99;15522,0
Coco-da-baía;Frutas;2022;17459,0;215700,0;247274,16600000003;99;14163,0
Coco-da-baía;Frutas;2023;16968,0;252510,0;276759,29283;93;16311,0
Coco-da-baía;Frutas;2024;16868,0;254341,0;267100,77928799996;91;15835,0
Coco-da-baía;Frutas;2025;19081,0;264685,0;264685,0;88;13872,0
Cupuaçu;Frutas;2025;8677,0;105855,0;105855,0;91;12199,0
Dendê (cacho de coco);Perenes comerciais;2016;99402,0;382478,0;595805,1045;25;5994,0
Dendê (cacho de coco);Perenes comerciais;2017;101795,0;393914,0;593176,5786420001;26;5827,0
Dendê (cacho de coco);Perenes comerciais;2018;148879,0;548787,0;797176,7767919999;26;5355,0
Dendê (cacho de coco);Perenes comerciais;2019;164410,0;636696,0;891592,150032;28;5423,0
Dendê (cacho de coco);Perenes comerciais;2020;188542,0;804150,0;1091043,3789;30;5787,0
Dendê (cacho de coco);Perenes comerciais;2021;183952,0;1011334,0;1266963,83851;29;6887,0
Dendê (cacho de coco);Perenes comerciais;2022;185963,0;1206494,0;1383100,59172;30;7438,0
Dendê (cacho de coco);Perenes comerciais;2023;186240,0;1785288,0;1956734,562504;30;10507,0
Dendê (cacho de coco);Perenes comerciais;2024;204120,0;2224022,0;2335596,735696;30;11442,0
Dendê (cacho de coco);Perenes comerciais;2025;212596,0;2561830,0;2561830,0;31;12050,0
Feijão (em grão);Grãos e oleaginosas;2016;31361,0;83458,0;130006,6995;115;4145,0
Feijão (em grão);Grãos e oleaginosas;2017;33478,0;71082,0;107039,042946;115;3197,0
Feijão (em grão);Grãos e oleaginosas;2018;27112,0;40751,0;59195,554615999994;111;2183,0
Feijão (em grão);Grãos e oleaginosas;2019;27464,0;48650,0;68126,6383;107;2481,0
Feijão (em grão);Grãos e oleaginosas;2020;26199,0;56921,0;77228,47748599999;108;2948,0
Feijão (em grão);Grãos e oleaginosas;2021;27016,0;72159,0;90398,26963499999;109;3346,0
Feijão (em grão);Grãos e oleaginosas;2022;27360,0;79854,0;91543,02851999999;110;3346,0
Feijão (em grão);Grãos e oleaginosas;2023;26749,0;91846,0;100666,246918;107;3763,0
Feijão (em grão);Grãos e oleaginosas;2024;21374,0;70571,0;74111,405928;100;3467,0
Feijão (em grão);Grãos e oleaginosas;2025;17428,0;58536,0;58536,0;101;3359,0
Fumo (em folha);Fibras e fumo;2016;19,0;91,0;141,75525;3;7461,0
Fumo (em folha);Fibras e fumo;2017;17,0;112,0;168,655536;2;9921,0
Fumo (em folha);Fibras e fumo;2018;25,0;140,0;203,36623999999998;2;8135,0
Fumo (em folha);Fibras e fumo;2019;20,0;144,0;201,649248;1;10082,0
Fumo (em folha);Fibras e fumo;2020;20,0;224,0;303,91558399999997;1;15196,0
Fumo (em folha);Fibras e fumo;2021;10,0;46,0;57,62719;1;5763,0
Fumo (em folha);Fibras e fumo;2022;10,0;104,0;119,22352;1;11922,0
Fumo (em folha);Fibras e fumo;2023;15,0;192,0;210,438336;1;14029,0
Fumo (em folha);Fibras e fumo;2024;30,0;291,0;305,598888;1;10187,0
Fumo (em folha);Fibras e fumo;2025;35,0;480,0;480,0;1;13714,0
Gergelim;Grãos e oleaginosas;2025;147130,0;327643,0;327643,0;15;2227,0
Goiaba;Frutas;2016;287,0;5702,0;8882,2905;9;30949,0
Goiaba;Frutas;2017;309,0;9535,0;14358,308355000001;10;46467,0
Goiaba;Frutas;2018;313,0;5379,0;7813,621463999999;12;24964,0
Goiaba;Frutas;2019;352,0;7009,0;9814,997078;10;27884,0
Goiaba;Frutas;2020;344,0;8452,0;11467,386231999999;9;33335,0
Goiaba;Frutas;2021;344,0;9856,0;12347,251839999999;9;35893,0
Goiaba;Frutas;2022;342,0;11926,0;13671,727879999999;10;39976,0
Goiaba;Frutas;2023;302,0;12127,0;13291,592191;11;44012,0
Goiaba;Frutas;2024;305,0;10247,0;10761,071496;12;35282,0
Goiaba;Frutas;2025;306,0;13052,0;13052,0;11;42654,0
Graviola;Frutas;2025;81,0;3036,0;3036,0;5;37481,0
Guaraná (semente);Perenes comerciais;2016;24,0;225,0;350,49375000000003;6;14604,0
Guaraná (semente);Perenes comerciais;2017;29,0;295,0;444,226635;6;15318,0
Guaraná (semente);Perenes comerciais;2018;64,0;472,0;685,6347519999999;7;10713,0
Guaraná (semente);Perenes comerciais;2019;67,0;491,0;687,567922;7;10262,0
Guaraná (semente);Perenes comerciais;2020;67,0;272,0;369,040352;7;5508,0
Guaraná (semente);Perenes comerciais;2021;57,0;220,0;275,6083;7;4835,0
Guaraná (semente);Perenes comerciais;2022;65,0;308,0;353,08504;7;5432,0
Guaraná (semente);Perenes comerciais;2023;65,0;913,0;1000,6781290000001;7;15395,0
Guaraná (semente);Perenes comerciais;2024;93,0;1306,0;1371,519408;5;14748,0
Guaraná (semente);Perenes comerciais;2025;58,0;1748,0;1748,0;4;30138,0
Juta (fibra);Fibras e fumo;2019;4,0;9,0;12,603078;1;3151,0
Juta (fibra);Fibras e fumo;2020;5,0;9,0;12,210894;1;2442,0
Laranja;Frutas;2016;13482,0;147430,0;229659,08250000002;80;17034,0
Laranja;Frutas;2017;17317,0;181364,0;273107,523492;77;15771,0
Laranja;Frutas;2018;13633,0;116410,0;169099,02855999998;73;12404,0
Laranja;Frutas;2019;14270,0;156511,0;219168,926762;72;15359,0
Laranja;Frutas;2020;16582,0;211819,0;287388,817354;72;17331,0
Laranja;Frutas;2021;14252,0;115620,0;144844,6893;72;10163,0
Laranja;Frutas;2022;15197,0;175174,0;200815,97011999998;72;13214,0
Laranja;Frutas;2023;15062,0;229105,0;251106,640465;72;16672,0
Laranja;Frutas;2024;15093,0;426151,0;447530,143368;72;29652,0
Laranja;Frutas;2025;18009,0;556483,0;556483,0;70;30900,0
Limão;Frutas;2016;2652,0;71350,0;111145,4625;47;41910,0
Limão;Frutas;2017;3829,0;72641,0;109386,66777300001;41;28568,0
Limão;Frutas;2018;3577,0;83705,0;121591,22228;43;33993,0
Limão;Frutas;2019;5341,0;106169,0;148672,909798;50;27836,0
Limão;Frutas;2020;5670,0;71825,0;97449,71794999999;51;17187,0
Limão;Frutas;2021;3730,0;48396,0;60628,81493999999;46;16254,0
Limão;Frutas;2022;3896,0;130127,0;149174,99026;50;38289,0
Limão;Frutas;2023;4314,0;135530,0;148545,35249000002;55;34433,0
Limão;Frutas;2024;4761,0;90619,0;95165,173992;58;19988,0
Limão;Frutas;2025;5076,0;114180,0;114180,0;60;22494,0
Malva (fibra);Fibras e fumo;2016;701,0;1315,0;2048,44125;14;2922,0
Malva (fibra);Fibras e fumo;2017;770,0;1691,0;2546,3974230000003;9;3307,0
Malva (fibra);Fibras e fumo;2018;781,0;1717,0;2494,1416719999997;13;3194,0
Malva (fibra);Fibras e fumo;2019;730,0;1638,0;2293,760196;11;3142,0
Malva (fibra);Fibras e fumo;2020;741,0;1940,0;2632,1260399999996;11;3552,0
Malva (fibra);Fibras e fumo;2021;861,0;1889,0;2366,4730849999996;11;2749,0
Malva (fibra);Fibras e fumo;2022;754,0;2731,0;3130,7637799999998;11;4152,0
Malva (fibra);Fibras e fumo;2023;713,0;3137,0;3438,255521;11;4822,0
Malva (fibra);Fibras e fumo;2024;738,0;3668,0;3852,016224;11;5220,0
Malva (fibra);Fibras e fumo;2025;40,0;22,0;22,0;1;550,0
Mamão;Frutas;2016;1602,0;26038,0;40560,6945;49;25319,0
Mamão;Frutas;2017;748,0;17492,0;26340,380676;37;35214,0
Mamão;Frutas;2018;1151,0;29908,0;43444,839328;41;37745,0
Mamão;Frutas;2019;1065,0;24428,0;34207,554376;42;32120,0
Mamão;Frutas;2020;1085,0;35391,0;48017,305506;43;44256,0
Mamão;Frutas;2021;1106,0;35569,0;44559,598285;44;40289,0
Mamão;Frutas;2022;1032,0;41428,0;47492,23064;44;46020,0
Mamão;Frutas;2023;1055,0;47481,0;52040,742873;43;49328,0
Mamão;Frutas;2024;1089,0;43399,0;45576,241032;47;41851,0
Mamão;Frutas;2025;962,0;43023,0;43023,0;44;44722,0
Mandioca;Raízes e tubérculos;2016;291872,0;1933302,0;3011601,1905;136;10318,0
Mandioca;Raízes e tubérculos;2017;294337,0;1845764,0;2779449,256692;139;9443,0
Mandioca;Raízes e tubérculos;2018;265578,0;1647496,0;2393179,049536;138;9011,0
Mandioca;Raízes e tubérculos;2019;272905,0;1518530,0;2126461,33726;138;7792,0
Mandioca;Raízes e tubérculos;2020;275730,0;2178353,0;2955515,2863979996;138;10719,0
Mandioca;Raízes e tubérculos;2021;285911,0;2717385,0;3404244,8195249997;138;11907,0
Mandioca;Raízes e tubérculos;2022;278356,0;3174831,0;3639562,76178;138;13075,0
Mandioca;Raízes e tubérculos;2023;254370,0;4389578,0;4811122,344074;137;18914,0
Mandioca;Raízes e tubérculos;2024;268896,0;4640913,0;4873738,323384;137;18125,0
Mandioca;Raízes e tubérculos;2025;266905,0;4316169,0;4316169,0;139;16171,0
Manga;Frutas;2016;38,0;451,0;702,54525;5;18488,0
Manga;Frutas;2017;38,0;398,0;599,3294940000001;5;15772,0
Manga;Frutas;2018;37,0;450,0;653,6772;4;17667,0
Manga;Frutas;2019;20,0;244,0;341,683448;3;17084,0
Manga;Frutas;2020;8,0;106,0;143,817196;1;17977,0
Manga;Frutas;2021;8,0;108,0;135,29862;1;16912,0
Manga;Frutas;2022;14,0;298,0;341,62124;1;24402,0
Manga;Frutas;2023;14,0;302,0;331,00196600000004;1;23643,0
Manga;Frutas;2024;14,0;60,0;63,01008;1;4501,0
Manga;Frutas;2025;14,0;60,0;60,0;1;4286,0
Maracujá;Frutas;2016;1970,0;37357,0;58192,86675;71;29540,0
Maracujá;Frutas;2017;1127,0;22797,0;34328,930841;55;30460,0
Maracujá;Frutas;2018;1462,0;21151,0;30724,281015999997;57;21015,0
Maracujá;Frutas;2019;1673,0;28929,0;40510,493718;64;24214,0
Maracujá;Frutas;2020;1629,0;35757,0;48513,881861999995;64;29781,0
Maracujá;Frutas;2021;1583,0;45942,0;57554,52963;66;36358,0
Maracujá;Frutas;2022;1560,0;56162,0;64382,993559999995;68;41271,0
Maracujá;Frutas;2023;1613,0;66801,0;73216,100433;66;45391,0
Maracujá;Frutas;2024;1653,0;63858,0;67061,628144;69;40570,0
Maracujá;Frutas;2025;2576,0;88179,0;88179,0;69;34231,0
Melancia;Frutas;2016;5686,0;109767,0;170989,54425;84;30072,0
Melancia;Frutas;2017;4332,0;88863,0;133814,615139;63;30890,0
Melancia;Frutas;2018;3982,0;72011,0;104604,33077599999;70;26269,0
Melancia;Frutas;2019;3970,0;84403,0;118193,065826;73;29772,0
Melancia;Frutas;2020;4313,0;98336,0;133418,941376;74;30934,0
Melancia;Frutas;2021;4180,0;108920,0;136451,16379999998;73;32644,0
Melancia;Frutas;2022;4213,0;118481,0;135824,24878;73;32239,0
Melancia;Frutas;2023;4110,0;135696,0;148727,293968;73;36187,0
Melancia;Frutas;2024;4660,0;161724,0;169837,369632;77;36446,0
Melancia;Frutas;2025;4965,0;160080,0;160080,0;83;32242,0
Melão;Frutas;2016;11,0;61,0;95,02275;2;8638,0
Melão;Frutas;2017;10,0;102,0;153,59700600000002;2;15360,0
Melão;Frutas;2018;8,0;35,0;50,841559999999994;2;6355,0
Melão;Frutas;2019;8,0;25,0;35,00855;2;4376,0
Melão;Frutas;2020;8,0;63,0;85,476258;2;10685,0
Melão;Frutas;2021;8,0;68,0;85,18802;2;10649,0
Melão;Frutas;2022;6,0;54,0;61,90452;2;10317,0
Melão;Frutas;2023;5,0;119,0;130,427927;2;26086,0
Melão;Frutas;2024;6,0;125,0;131,27100000000002;2;21879,0
Melão;Frutas;2025;6,0;188,0;188,0;2;31333,0
Milho (em grão);Grãos e oleaginosas;2016;198461,0;470512,0;732940,068;125;3693,0
Milho (em grão);Grãos e oleaginosas;2017;266993,0;444531,0;669398,339943;126;2507,0
Milho (em grão);Grãos e oleaginosas;2018;226708,0;457894,0;665144,1507039999;125;2934,0
Milho (em grão);Grãos e oleaginosas;2019;259122,0;482182,0;675219,706244;120;2606,0
Milho (em grão);Grãos e oleaginosas;2020;320749,0;667899,0;906182,6546339999;119;2825,0
Milho (em grão);Grãos e oleaginosas;2021;362071,0;1360015,0;1703779,191475;116;4706,0
Milho (em grão);Grãos e oleaginosas;2022;405590,0;1559467,0;1787741,7794599999;117;4408,0
Milho (em grão);Grãos e oleaginosas;2023;485255,0;1972341,0;2161750,823253;119;4455,0
Milho (em grão);Grãos e oleaginosas;2024;477962,0;1562173,0;1640544,095064;121;3432,0
Milho (em grão);Grãos e oleaginosas;2025;684858,0;2869942,0;2869942,0;122;4191,0
Milho verde;Hortaliças;2025;2787,0;67273,0;67273,0;24;24138,0
Palmito;Perenes comerciais;2016;575,0;4813,0;7497,45075;4;13039,0
Palmito;Perenes comerciais;2017;575,0;4821,0;7259,717313000001;4;12626,0
Palmito;Perenes comerciais;2018;520,0;3909,0;5678,275944;3;10920,0
Palmito;Perenes comerciais;2019;220,0;1679,0;2351,174218;2;10687,0
Palmito;Perenes comerciais;2020;220,0;897,0;1217,019102;2;5532,0
Palmito;Perenes comerciais;2021;225,0;1013,0;1269,050945;2;5640,0
Palmito;Perenes comerciais;2022;215,0;1675,0;1920,1864999999998;2;8931,0
Palmito;Perenes comerciais;2023;110,0;1058,0;1159,602914;2;10542,0
Palmito;Perenes comerciais;2024;215,0;814,0;854,836752;2;3976,0
Pimenta-do-reino;Perenes comerciais;2016;16753,0;836181,0;1302560,95275;81;77751,0
Pimenta-do-reino;Perenes comerciais;2017;16289,0;515742,0;776631,637926;80;47678,0
Pimenta-do-reino;Perenes comerciais;2018;15713,0;240241,0;348977,92045599996;79;22210,0
Pimenta-do-reino;Perenes comerciais;2019;16409,0;223996,0;313671,006632;80;19116,0
Pimenta-do-reino;Perenes comerciais;2020;16395,0;339781,0;461003,308246;81;28119,0
Pimenta-do-reino;Perenes comerciais;2021;16322,0;458457,0;574338,883605;82;35188,0
Pimenta-do-reino;Perenes comerciais;2022;18069,0;470854,0;539777,60852;80;29873,0
Pimenta-do-reino;Perenes comerciais;2023;17744,0;472263,0;517615,83267900004;81;29171,0
Pimenta-do-reino;Perenes comerciais;2024;18515,0;1248359,0;1310986,674312;80;70807,0
Pimenta-do-reino;Perenes comerciais;2025;18560,0;1179084,0;1179084,0;78;63528,0
Soja (em grão);Grãos e oleaginosas;2016;433813,0;1574981,0;2453426,65275;27;5655,0
Soja (em grão);Grãos e oleaginosas;2017;500385,0;1568241,0;2361540,4145730003;29;4719,0
Soja (em grão);Grãos e oleaginosas;2018;557542,0;1744034,0;2533411,692944;29;4544,0
Soja (em grão);Grãos e oleaginosas;2019;577764,0;1985588,0;2780502,271096;32;4813,0
Soja (em grão);Grãos e oleaginosas;2020;643267,0;2823607,0;3830973,974962;32;5955,0
Soja (em grão);Grãos e oleaginosas;2021;753781,0;5601634,0;7017531,01801;32;9310,0
Soja (em grão);Grãos e oleaginosas;2022;839560,0;7483981,0;8579486,13878;31;10219,0
Soja (em grão);Grãos e oleaginosas;2023;1007539,0;6776978,0;7427791,528274;32;7372,0
Soja (em grão);Grãos e oleaginosas;2024;1194024,0;7307684,0;7674295,890912;41;6427,0
Soja (em grão);Grãos e oleaginosas;2025;1323964,0;8381745,0;8381745,0;41;6331,0
Sorgo (em grão);Grãos e oleaginosas;2016;5270,0;4216,0;6567,474;3;1246,0
Sorgo (em grão);Grãos e oleaginosas;2017;5472,0;4362,0;6568,530786;3;1200,0
Sorgo (em grão);Grãos e oleaginosas;2018;4485,0;4599,0;6680,580983999999;3;1490,0
Sorgo (em grão);Grãos e oleaginosas;2019;20651,0;15668,0;21940,558456;8;1062,0
Sorgo (em grão);Grãos e oleaginosas;2020;20251,0;20773,0;28184,100118;8;1392,0
Sorgo (em grão);Grãos e oleaginosas;2021;20537,0;35546,0;44530,78468999999;5;2168,0
Sorgo (em grão);Grãos e oleaginosas;2022;21857,0;50142,0;57481,78596;7;2630,0
Sorgo (em grão);Grãos e oleaginosas;2023;30045,0;44864,0;49172,424512000005;8;1637,0
Sorgo (em grão);Grãos e oleaginosas;2024;72945,0;85385,0;89668,59468;9;1229,0
Sorgo (em grão);Grãos e oleaginosas;2025;83330,0;136315,0;136315,0;13;1636,0
Tangerina;Frutas;2016;489,0;1408,0;2193,312;14;4485,0
Tangerina;Frutas;2017;707,0;6141,0;9247,443273;16;13080,0
Tangerina;Frutas;2018;436,0;2439,0;3542,9304239999997;13;8126,0
Tangerina;Frutas;2019;976,0;6297,0;8817,953574;16;9035,0
Tangerina;Frutas;2020;991,0;22975,0;31171,698849999997;16;31455,0
Tangerina;Frutas;2021;114,0;1051,0;1316,6560149999998;13;11550,0
Tangerina;Frutas;2022;121,0;1686,0;1932,79668;13;15974,0
Tangerina;Frutas;2023;121,0;2054,0;2251,2517820000003;14;18605,0
Tangerina;Frutas;2024;148,0;2647,0;2779,794696;15;18782,0
Tangerina;Frutas;2025;149,0;2781,0;2781,0;16;18664,0
Tomate;Hortaliças;2016;254,0;18142,0;28260,7005;16;111263,0
Tomate;Hortaliças;2017;242,0;16691,0;25134,192423;15;103860,0
Tomate;Hortaliças;2018;238,0;13475,0;19574,0006;15;82244,0
Tomate;Hortaliças;2019;208,0;13097,0;18340,279174;14;88174,0
Tomate;Hortaliças;2020;210,0;12542,0;17016,559172;14;81031,0
Tomate;Hortaliças;2021;212,0;15543,0;19471,726394999998;14;91848,0
Tomate;Hortaliças;2022;167,0;13585,0;15573,5723;14;93255,0
Tomate;Hortaliças;2023;158,0;18268,0;20022,330844;15;126724,0
Tomate;Hortaliças;2024;127,0;12167,0;12777,394056000001;13;100609,0
Tomate;Hortaliças;2025;74,0;7726,0;7726,0;10;104405,0
Urucum (semente);Perenes comerciais;2016;1248,0;5356,0;8343,309;34;6685,0
Urucum (semente);Perenes comerciais;2017;1350,0;6992,0;10528,924176;32;7799,0
Urucum (semente);Perenes comerciais;2018;1318,0;5643,0;8197,112088;33;6219,0
Urucum (semente);Perenes comerciais;2019;1141,0;3311,0;4636,532362;31;4064,0
Urucum (semente);Perenes comerciais;2020;1015,0;3207,0;4351,148561999999;30;4287,0
Urucum (semente);Perenes comerciais;2021;977,0;4823,0;6042,085595;31;6184,0
Urucum (semente);Perenes comerciais;2022;935,0;5374,0;6160,64612;31;6589,0
Urucum (semente);Perenes comerciais;2023;856,0;4370,0;4789,66421;31;5595,0
Urucum (semente);Perenes comerciais;2024;852,0;9675,0;10160,3754;33;11925,0
Urucum (semente);Perenes comerciais;2025;781,0;11192,0;11192,0;33;14330,0
