id_municipio;municipio;uf
1;Abaetetuba;PA
2;Abel Figueiredo;PA
3;Acará;PA
4;Afuá;PA
5;Alenquer;PA
6;Almeirim;PA
7;Altamira;PA
8;Anajás;PA
9;Ananindeua;PA
10;Anapu;PA
11;Augusto Corrêa;PA
12;Aurora do Pará;PA
13;Aveiro;PA
14;Bagre;PA
15;Baião;PA
16;Bannach;PA
17;Barcarena;PA
18;Belterra;PA
19;Belém;PA
20;Benevides;PA
21;Bom Jesus do Tocantins;PA
22;Bonito;PA
23;Bragança;PA
24;Brasil Novo;PA
25;Brejo Grande do Araguaia;PA
26;Breu Branco;PA
27;Breves;PA
28;Bujaru;PA
29;Cachoeira do Arari;PA
30;Cachoeira do Piriá;PA
31;Cametá;PA
32;Canaã dos Carajás;PA
33;Capanema;PA
34;Capitão Poço;PA
35;Castanhal;PA
36;Chaves;PA
37;Colares;PA
38;Conceição do Araguaia;PA
39;Concórdia do Pará;PA
40;Cumaru do Norte;PA
41;Curionópolis;PA
42;Curralinho;PA
43;Curuá;PA
44;Curuçá;PA
45;Dom Eliseu;PA
46;Eldorado do Carajás;PA
47;Faro;PA
48;Floresta do Araguaia;PA
49;Garrafão do Norte;PA
50;Goianésia do Pará;PA
51;Gurupá;PA
52;Igarapé-Açu;PA
53;Igarapé-Miri;PA
54;Inhangapi;PA
55;Ipixuna do Pará;PA
56;Irituia;PA
57;Itaituba;PA
58;Itupiranga;PA
59;Jacareacanga;PA
60;Jacundá;PA
61;Juruti;PA
62;Limoeiro do Ajuru;PA
63;Magalhães Barata;PA
64;Marabá;PA
65;Maracanã;PA
66;Marapanim;PA
67;Marituba;PA
68;Medicilândia;PA
69;Melgaço;PA
70;Mocajuba;PA
71;Moju;PA
72;Mojuí dos Campos;PA
73;Monte Alegre;PA
74;Muaná;PA
75;Mãe do Rio;PA
76;Nova Esperança do Piriá;PA
77;Nova Ipixuna;PA
78;Nova Timboteua;PA
79;Novo Progresso;PA
80;Novo Repartimento;PA
81;Oeiras do Pará;PA
82;Oriximiná;PA
83;Ourilândia do Norte;PA
84;Ourém;PA
85;Pacajá;PA
86;Palestina do Pará;PA
87;Paragominas;PA
88;Parauapebas;PA
89;Pau D'Arco;PA
90;Peixe-Boi;PA
91;Piçarra;PA
92;Placas;PA
93;Ponta de Pedras;PA
94;Portel;PA
95;Porto de Moz;PA
96;Prainha;PA
97;Primavera;PA
98;Quatipuru;PA
99;Redenção;PA
100;Rio Maria;PA
101;Rondon do Pará;PA
102;Rurópolis;PA
103;Salinópolis;PA
104;Salvaterra;PA
105;Santa Bárbara do Pará;PA
106;Santa Izabel do Pará;PA
107;Santa Luzia do Pará;PA
108;Santa Maria das Barreiras;PA
109;Santa Maria do Pará;PA
110;Santana do Araguaia;PA
111;Santarém;PA
112;Santarém Novo;PA
113;Santo Antônio do Tauá;PA
114;Sapucaia;PA
115;Senador José Porfírio;PA
116;Soure;PA
117;São Caetano de Odivelas;PA
118;São Domingos do Araguaia;PA
119;São Domingos do Capim;PA
120;São Francisco do Pará;PA
121;São Félix do Xingu;PA
122;São Geraldo do Araguaia;PA
123;São João da Ponta;PA
124;São João de Pirabas;PA
125;São João do Araguaia;PA
126;São Miguel do Guamá;PA
127;São Sebastião da Boa Vista;PA
128;Tailândia;PA
129;Terra Alta;PA
130;Terra Santa;PA
131;Tomé-Açu;PA
132;Tracuateua;PA
133;Trairão;PA
134;Tucumã;PA
135;Tucuruí;PA
136;Ulianópolis;PA
137;Uruará;PA
138;Vigia;PA
139;Viseu;PA
140;Vitória do Xingu;PA
141;Xinguara;PA
142;Água Azul do Norte;PA
143;Óbidos;PA
